Card#,Title,Artist,Year,URL,Hashed Info,Youtube-Title,ISRC
1,Let's Get It On,Marvin Gaye,1973,https://www.youtube.com/watch?v=AqPBfbLoF_M,9ae9e1a2cfb93529802d309238ed03bd1ba086dbbeab1fe18fd405c456323826,Marvin Gaye - Let's Get It On (Official Music Video),
2,"Saufen, morgens, mittags, abends",Ingo ohne Flamingo,2017,https://www.youtube.com/watch?v=PP9I6WRD4VI,07c0c7fa525dc29ce5f629c7a53155726978a96d2f063ec1d0c249dfc5982fc8,"Saufen, morgens, mittags, abends - der Party - Hit",
3,Boy With Luv,BTS feat. Halsey,2019,https://www.youtube.com/watch?v=XsX3ATc3FbA,0c0d90c3fa6f7cbc4ee22f939bb8aa44030c0e9c775165910ef248df72e72887,BTS (?????) '?? ??? ?? ? (Boy With Luv) (feat. Halsey)' Official MV,
4,DJ Got Us Fallin' In Love,USHER feat. Pitbull,2010,https://www.youtube.com/watch?v=C-dvTjK_07c,973be1bd5ae5a7c1a9ad5236b336519a6a6db0de2d8854c052f4121384e6479b,Usher - DJ Got Us Fallin' In Love (Official Video) ft. Pitbull,
5,Smack That,Akon feat. Eminem,2009,https://www.youtube.com/watch?v=bKDdT_nyP54,8a944bef939867902b70366175674f996dbca536df5e1c3aa4e5be1309318c59,Akon - Smack That (Official Music Video) ft. Eminem,
6,National Anthem of the USSR,Alexander W. Alexandrow,1938,https://www.youtube.com/watch?v=U06jlgpMtQs,24e0e940a79dd727df5a8f1f71d642e879b0ff318f00ed470eb015d6513421ea,National Anthem of USSR,
7,NFL Theme Song,Phil Garrod,1991,https://www.youtube.com/watch?v=0RHFcBJja_Q,ce490d1d060886adf61861da0c8fdf9e1ad4a2c695b4c61e508fe9d401f263db,FOX Sunday NFL Theme Song in HD,
8,End of Beginning,Djo,2022,https://www.youtube.com/watch?v=xy3AcmW0lrQ,77aafc9aabeb0e8c29bf3daf2e67ce470086311d670ee505f5fd70a83d4dc070,Djo - End Of Beginning (Official Audio),
9,069,Haftbefehl,2015,https://www.youtube.com/watch?v=rNhfieU2Xt8,ca0acf8d49f86bf5396573583bfaca41e0987f39757b3327fc62c38f2ef087ea,Haftbefehl - 069 (prod. by BAZZAZIAN) [Official Video],
10,Afrojack,Because I Got High,2001,https://www.youtube.com/watch?v=Ls4qXjZtZXI,385d2f5d44507bf5551cf861c5961a9c75bafe177b9c8620fbdc214f0ba43b5a,Afroman - Because I got High (Explicit Version),
11,Better Now,Post Malone,2018,https://www.youtube.com/watch?v=UYwF-jdcVjY,ced79a10aa63120f48d16cc7a54a5366d035e95b8e1c53caf9e73e8a686395e0,Post Malone - Better Now,
12,BIRDS OF A FEATHER,Billie Eilish,2024,https://www.youtube.com/watch?v=V9PVRfjEBTI,76a7744c736e74e23856abd94068c4b2f262feec7824e465f11ff820e6fa0ad9,Billie Eilish - BIRDS OF A FEATHER (Official Music Video),
13,Self Care,Mac Miller,2018,https://www.youtube.com/watch?v=SsKT0s5J8ko,faa1ed2c2d58125d2969c7bafe77ee92687c6390319d88b2ec1156dab0adcab9,Mac Miller - Self Care,
14,Bruttosozialprodukt,Geier Sturzflug,1993,https://www.youtube.com/watch?v=Zm8dk7SfV1E,8f1953114b36648f2918bc59444e9d5b3e4b91e5c179cd6a8029a73a1f1ff693,Bruttosozialprodukt,
15,Alles nur geklaut,Die Prinzen,1993,https://www.youtube.com/watch?v=yMR45cZbvDw,019f21e7f69f91b093c3d5e093b8392576670ecd2cc9ea6481be9f3a9d5342cf,Die Prinzen - Alles nur geklaut (Offizielles Musikvideo),
16,Fly Me To The Moon (In Other Words),Frank Sinatra & Count Basie,1962,https://www.youtube.com/watch?v=JYuyWrkwpok,877a499bd8886ec4e6aa740671b3f36f5cec62108d01d23ec3cc2a573b8490a5,Frank Sinatra - Fly Me To The Moon (Audio) ft. Count Basie And His Orchestra,
17,Schlechtes Vorbild,Sido,2006,https://www.youtube.com/watch?v=9jjvlT78pU4,924f93ed65cd5e20b00f32b4dc2fbf1f431d84894ec6bc502ab8884bc83bde2e,SIDO - SCHLECHTES VORBILD (OFFICIAL HD VERSION AGGRO BERLIN),
18,Fick ihn doch,Alligatoah,2014,https://www.youtube.com/watch?v=Cf27Q2bfftQ,228cf461307e893a51bfca1bcab6d8d0ad36fcf21ddf4d0d1ba409f70a01c6a2,Alligatoah - Fick ihn doch (Official Video Zensiert),
19,I Fall In Love Too Easily,Chet Baker,1956,https://www.youtube.com/watch?v=3zrSoHgAAWo,08211676af062152bf84eab3a018ba85a6c6ddb50222af451f86b39ef824e162,Chet Baker - I fall in love too easily,
20,Walkin' After Midnight,Patsy Cline,1957,https://www.youtube.com/watch?v=bsRNCvHXHHU,09630c2bd35db54ee3b3e91ee47849ece0d33b53925056ad8c2dd9c14c96782d,Patsy Cline-Walkin' After Midnight,
21,"Hey, Good Lookin",Hank Williams,1951,https://www.youtube.com/watch?v=bjCoKslQOEs,ccc04410b5b4348b6eac9222c6c6a1cc4d9a3f8a07ce1c26d5b0be785e4c71de,Hank Williams - Hey Good Lookin',
22,I Don't Want To Set The World On Fire,The Ink Spots,1998,https://www.youtube.com/watch?v=TmIwm5RElRs,59e1e201d8e100cd3a6e24e0cdb79dde2cae2a28af763fe3bda26a80906e6a92,I Don't Want to Set the World on Fire,
23,Chattanooga Choo Choo,Glenn Miller,1941,https://www.youtube.com/watch?v=QGZ6jigic_I,ab27bd2719bc3b86c6ed309df10c33f5ba7a2e8beb9fa72e8b753e0cd9fd0c4d,Chattanooga Choo-Choo,
24,Never Gonna Hit Those Notes,Rick Astley,2015,https://www.youtube.com/watch?v=lXMskKTw3Bc,fc61ddf54e33f6fa4a3f758354df03c91a1374c7d3ced86a99df216d11fa9fd7,Never Gonna Hit Those Notes,
25,Sunny,Boney M.,1976,https://www.youtube.com/watch?v=ghGiv7YLC7Q,77a6abc607518773b387a9d1c5af47a1d42ccf60e5475bda9df6a5d0eca631ac,Boney M. - Sunny (Official Audio),
26,Copacabana (At the Copa),Barry Manilow,1978,https://www.youtube.com/watch?v=WJEhnaez1w4,d0faaa2edb2650eb20db75abad5745757ac5987341da11b74a255c1a6f5de6fb,Barry Manilow - Her name was Lola (Copacabana) (Lyrics),
27,You Don't Own Me,Lesley Gore,1963,https://www.youtube.com/watch?v=OYB1rbL8EHo,983e8aa7194e87a3a215468237bd89abf834325960c12acedb96c0257614756e,Lesley Gore - You Don't Own Me (Official Audio),
28,Der Walkuerenritt,Richard Wagner,1856,https://www.youtube.com/watch?v=C933mn-pR6Y,b4309284b8dcb46db0449c4bc0104ec6a06675a5a3a3582c4703625137d97d45,Richard Wagner - Walkuerenritt,
29,Don't You (Forget About Me),,1985,https://www.youtube.com/watch?v=CdqoNKCCt7A,02ffce7ba9ee692c02dc2008751adaf28b921a14bf1c47370912d2bbca0ec645,Simple Minds - Don't You (Forget About Me),
30,West End Girls,Pet Shop Boys,1986,https://www.youtube.com/watch?v=p3j2NYZ8FKs,2fe2b5d4ef31957949ddaeb1a9e47a15abe04c9578b7a25c5bc6b50eb4a4008f,Pet Shop Boys - West End Girls (Official Video) [HD REMASTERED],
31,I'm Not In Love,10cc,1975,https://www.youtube.com/watch?v=STugQ0X1NoI,dcfc1ff3c2d5df3985774658bb97676771cad9865567d692ca754376d2e007df,10cc - I'm Not In Love,
32,Sandstorm,Darude,2009,https://www.youtube.com/watch?v=y6120QOlsfU,df6b302ed35a8d4b3d5a0a1f24e0562b787ce1efa84cfacee76ab715da267e13,Darude - Sandstorm,
33,Mii Channel Theme,Kazumi Totaka,2006,https://www.youtube.com/watch?v=po-0n1BKW2w,3980c260f8ad614b4c3c7d86543a3519cc402d2b81b6f29813cc1a5e9d50b417,Nintendo Wii - Mii Channel Theme,
34,Counter-Strike: Global Offensive - Main Menu Music Theme,Mike Morasky,2012,https://www.youtube.com/watch?v=Rvi6c8toWJM,57b996151a06bcc1ef401148bd47b5243da365c6aa11a37fa8245d6e143c7c04,Counter-Strike: Global Offensive - Main Menu Music Theme Extended,
35,Call of Duty: Modern Warfare 2 - Opening Title,Hans Zimmer,2009,https://www.youtube.com/watch?v=FXLY_5xaYFo,2c03af346beaaa87dab2a485b757e03272fe5a4841fe7dd0ce147b5d9675d24b,Call of Duty: Modern Warfare 2 - Opening Titles (Hans Zimmer),
36,Grand Theft Auto IV Theme Song,Michael Hunter,2008,https://www.youtube.com/watch?v=pWO718iy5mY,808c46f1599e2b6f38a8b525f1b82eb97ae8dace7ce94c8c4885f53463006ad6,Grand Theft Auto IV Theme Song *[best quality]*,
37,Ameno,ERA,2010,https://www.youtube.com/watch?v=6xUnSVTh8fI,b1381ec2ef3dd5e5d15cc16c19e581514ba2e9233e62c9cafd7f0d13e78fb50b,ERA - Ameno (Official Music Video),
38,Stateside,PinkPantheress feat. Zara Larsson,2026,https://www.youtube.com/watch?v=lIxQe1R5hs0,1a6bc4595ff6396cbdb80ca3366ef9a67e8e7f4813c128660d46dfd3555dcf55,PinkPantheress - Stateside + Zara Larsson (Official Video),
39,Loser,Tame Impala,2025,https://www.youtube.com/watch?v=s3a4OQR-10M,84a32ffba5ee4915fd4770160334a92704e4e58a6be02a08c8f002c49abb4dce,Tame Impala - Loser (Official Video),
40,Right Down the Line,Gerry Rafferty,1978,https://www.youtube.com/watch?v=jR8RiBMecx4,25fedebcbcda653545425baabc1587045b33b023a0d3801d145bb0ed7e3b2cdc,Gerry Rafferty - Right Down the Line (Lyric Video),
41,We'll Meet Again,Vera Lynn,1939,https://www.youtube.com/watch?v=HsM_VmN6ytk,7c281d73def0941a275a06c41a483954814a960d5edcc5129fdef3bf45b2ecf8,Vera Lynn - We'll Meet Again,
42,Tonight You Belong To Me,Patience & Prudence,1956,https://www.youtube.com/watch?v=E4WHDsYion0,2494bbbf3eec9efd50c2d15f1efe1c1a0f903f09186904044359566a034a7d26,Patience and Prudence - Tonight You Belong To Me,
43,Everybody Loves Somebody,Dean Martin,1964,https://www.youtube.com/watch?v=z-2_OstpR5c,d9a46916994761c1b92c1735d41f28c0a48fa72c91cd3a06e9231a28dddee545,Dean Martin - Everybody Loves Somebody (Official Audio),
44,Bang Bang (My Baby Shot me Down),Nancy Sinatra,1966,https://www.youtube.com/watch?v=qgDrpWWxuto,17e99e1f6dda0102de579230c6660f3d774107f5602b3642e402a288bbe5e714,Nancy Sinatra - Bang Bang (My Baby Shot Me Down),
45,Black and Yellow,Wiz Khalifa feat. Juicy J & Snoop Dogg & T-Pain,2011,https://www.youtube.com/watch?v=nWAGLkyxQG0,2c3002940b9fa5009071cebe11c122f211c9bbccb5e224f5eb3357aea27eb413,"Wiz Khalifa - Black And Yellow [G-Mix] ft. Snoop Dogg, Juicy J & T-Pain",
46,POWER,Kanye West,2010,https://www.youtube.com/watch?v=SUtf9Ajlno4,4cad93961787557d72df285ae6c6ccfeb88fb7522c99f22785ab7e60fbcce174,Kanye West - Power (Audio),
47,Changes,2Pac feat. Talent,2007,https://www.youtube.com/watch?v=eXvBjCO19QY,58e03219b24ff85ce90df3c6d325e469fdb2427847049ce7d92b3cec3caf7b34,2Pac - Changes ft. Talent,
48,Get Ur Freak On,Missy Elliott,2001,https://www.youtube.com/watch?v=FPoKiGQzbSQ,07d1b6bc77bc17b8ecd53744c1a2b48eef2682b00f8e9cef13a1a72849d6a7e7,Missy Elliott - Get Ur Freak On [Official Music Video],
49,Jump,Kris Kross,1992,https://www.youtube.com/watch?v=010KyIQjkTk,4ecf8069203aa2e9162ddb601b9f6b101e991a58938040a56f4980bfc0009f49,Kris Kross - Jump (Official Video),
50,We Didn't Start the Fire,Billy Joel,1989,https://www.youtube.com/watch?v=eFTLKWw542g,60f0cd9e9327ab96b35338f083384e70bd789103055a66bd038eca12165d204d,Billy Joel - We Didn't Start The Fire (Official HD Video),
51,Pokemon Theme Song,Jason Paige,1999,https://www.youtube.com/watch?v=JuYeHPFR3f0,e9401c4748149189b82b8f0624dd720946e309307f7c7affe98ed3df0c133b29,Pokemon Theme Song,
52,Heul doch,LaFee,2008,https://www.youtube.com/watch?v=L1t6MJaLp3U,00da5e518215e60ad3b9c0a073dead75ca4a32a4e32e01bea86c9804e4ab6e90,LaFee - Heul Doch,
53,Monsta,Culcha Candela,2009,https://www.youtube.com/watch?v=VNWO5N8Vxsc,513b67f7b56cae89a3c63c9e102129f349ad483bb757c8c138f4e9bd90bfa866,Culcha Candela - Monsta (Official Video),
