"Card#","Title","Artist","Year","URL","Hashed Info","Youtube-Title","ISRC"
"321","Hate It Or Love It","The Game,50 Cent","2005.0","https://www.youtube.com/watch?v=BuMBmK5uksg","429e33dbb6e765488d26c21913cda23addd9bf8cb3479ef878baa8c8d3aa4d65","The Game, 50 Cent - Hate It Or Love It (Official Music Video)",""
"322","Liebe","Sido","2013.0","https://www.youtube.com/watch?v=WsmXm_XSMug","174a0ab4a060750a6590b81a1de573fd619c2afbb9d49be6e247fbe781a45e0e","Sido - Liebe",""
"323","Push It","Salt-N-Pepa","1987.0","https://www.youtube.com/watch?v=vCadcBR95oU","8f9da61db781b0acd0a35ce6bb71aeabe240b9affde9ce01e0d54da7a5edbd8d","Salt-N-Pepa - Push It (Official Music Video)",""
"324","Suga Suga","Baby Bash,Frankie J","2003.0","https://www.youtube.com/watch?v=6rgStv12dwA","9517f8c83a36ff72b6ab0e6e1ae503223e5332228b165a259bb85b7ced49996d","Baby Bash - Suga Suga (Official Music Video) ft. Frankie J",""
"325","2002","Sido,Apache 207","2019.0","https://www.youtube.com/watch?v=kUgjHsLE7Qs","b7b6d15ce80e099d18488c7eb1c973460668da4120eecadb230923afc02854c1","2002",""
"326","Strictly Business","EPMD","1988.0","https://www.youtube.com/watch?v=5aCYQ1fRQc8","e9f99cad63af09125c1a46fddc7d4d2ec53267514bfdd5ddba1e1ec3c89f708f","EPMD - Strictly Business (Official Music Video)",""
"327","Dior 2001","RIN","2018.0","https://www.youtube.com/watch?v=VmEWlKLbBF4","1ffc9987e34e73b73f65b9f56ff6396bd314bec0ff195e446047cca8a42e7d3a","RIN - Dior 2001 (prod. Alexis Troy)",""
"328","Ja klar - 1822 Radio Edit","Schwester S.,Sabrina Setlur,Moses Pelham,Rödelheim Hartreim Projekt","1995.0","https://www.youtube.com/watch?v=3I7JOglOqtM","b5b2ec18178f6ec82e6098f9e23d2c528bec9e65d2242d8cdb82e39b7096a812","Ja klar (1822 Radio Edit)",""
"329","You Got Me","The Roots,Tariq Trotter,Erykah Badu,Eve","1999.0","https://www.youtube.com/watch?v=MJCHeEQV454","52db2420fed6a1e06d7759b7a97eb6b671fe4f4b8540de532c522d3335969879","The Roots - You Got Me ft. Erykah Badu",""
"330","Ayo Technology","50 Cent,Justin Timberlake,Timbaland","2007.0","https://www.youtube.com/watch?v=5RDSkR8_AQ0","b3150cf9844f69c7fdc3479ca816f367c6676eb0b16bee8067bbe0d89a50df62","50 Cent - Ayo Technology (Official Music Video) ft. Justin Timberlake",""
"331","Sie ist weg","Die Fantastischen Vier","1995.0","https://www.youtube.com/watch?v=3vP2T9nTZtw","32bc205572bee6addeb6ab175880d40c573da5e9b8349a9cc9e52d3e08c40b0a","Die Fantastischen Vier - Sie Ist Weg (Offizielles Musikvideo)",""
"332","Live Your Life","T.I.,Rihanna","2008.0","https://www.youtube.com/watch?v=koVHN6eO4Xg","163d9e605e11ab4fa49ab496c34c2f3011929863c8699013aabc9b95702dc7bd","T.I. - Live Your Life ft. Rihanna [Official Video]",""
"333","Flava in Ya Ear","Craig Mack","1994.0","https://www.youtube.com/watch?v=3K1izELqR_Q","ca882749c9281374c4da13a3ed2cbec42b500817677059dae0ec9a1b06e731b1","Craig Mack - Flava In Ya Ear (Official Video) [Explicit]",""
"334","Paint The Town Red","Doja Cat","2023.0","https://www.youtube.com/watch?v=m4_9TFeMfJE","5dd794d117fe75331f79b13cc7766166acd05004f9b7d7413014265899efdce8","Doja Cat - Paint The Town Red (Official Video)",""
"335","rockstar (feat. 21 Savage)","Post Malone,21 Savage","2017.0","https://www.youtube.com/watch?v=UceaB4D0jpo","52c98706a4444f0e0a08b5a5b13a11a40806a440db13925e4d5f1a1d3c255688","rockstar (unofficial video)",""
"336","ROCKSTAR (feat. Roddy Ricch)","DaBaby,Roddy Ricch","2020.0","https://www.youtube.com/watch?v=mxFstYSbBmc","133f3128660be0893cc0bf41994c90c9f467e45e0d910523d381860e5cf0679d","DaBaby - Rockstar feat. Roddy Ricch [Official Music Video]",""
"337","Big Poppa - 2005 Remaster","The Notorious B.I.G.","1994.0","https://www.youtube.com/watch?v=phaJXp_zMYM","daa1cf141e4fd972803a9acc239d49832266b78988e64d14927d423e8d752a78","The Notorious B.I.G. - Big Poppa (Official Music Video)",""
"338","X Gon' Give It To Ya","DMX","2003.0","https://www.youtube.com/watch?v=fGx6K90TmCI","830ad714f499fe7561085c1e320f55ce83719612de5c19a1b9c0d65b8447a99c","DMX - X Gon' Give It To Ya",""
"339","She Will","Lil Wayne,Drake","2011.0","https://www.youtube.com/watch?v=Fw3H8R5hHEY","6d0fe37409032aed78b9fba37212bd30312bd6184565e1d64c5bc29472f0ee96","She Will",""
"340","Always On Time","Ja Rule,Ashanti","2001.0","https://www.youtube.com/watch?v=0tcDXJfAFVw","fcd2ccf6d411b436eeea2ced37b6d7539392c74ef55b1d6a2bdf99058ec5027b","Ja Rule - Always On Time ft. Ashanti",""
"341","Heute mit mir","Nimo","2017.0","https://www.youtube.com/watch?v=p-AWcCCbBHw","f0eae132ab505960cbd7ce6b7b9aa0e025100fb3e1fb3928c5dba6abf9812855","Heute mit mir",""
"342","Set Adrift On Memory Bliss","P.M. Dawn","1991.0","https://www.youtube.com/watch?v=BtK_y1n2ERk","a1d6e7c9fb4369bc7f370f8e859e10ca06c747333ea4bd806ab2d46c14bafea1","PM Dawn - Set Adrift On Memory Bliss 1991 (Official Music Video) Remastered",""
"343","Full Clip","Gang Starr","1999.0","https://www.youtube.com/watch?v=qmj1q67NDAk","392902e6f08580632697aa754a0e379b47410b887919c5e282ffbc8649124139","Gang Starr - Full Clip",""
"344","m y . l i f e (with 21 Savage & Morray)","J. Cole,21 Savage,Morray","2021.0","https://www.youtube.com/watch?v=wLQ8u3xRZd8","aa2ed6c526f2bcc7b4753d29d06efaeb28e0485afc2fdc643c23edda00b06201","J. Cole - m y . l i f e feat. 21 Savage, Morray (Official Audio)",""
"345","The Humpty Dance","Digital Underground","1990.0","https://www.youtube.com/watch?v=PBsjggc5jHM","70e436540a5a55db8a16dc3f9543dd7ea7c471e58c3d3a7d91d6e311361ae2cf","Digital Underground - The Humpty Dance (Official 4K Music Video)",""
"346","The Next Episode","Dr. Dre,Snoop Dogg","1999.0","https://www.youtube.com/watch?v=QZXc39hT8t4","1d16b22e5ba62708cd3270b1d480e51113602004c7978392533cb3721490e608","Dr. Dre - The Next Episode (Official Music Video) ft. Snoop Dogg, Kurupt, Nate Dogg",""
"347","Sprinter","Dave,Central Cee","2023.0","https://www.youtube.com/watch?v=pSY3i5XHHXo","227ca4a4bf48c74f7f72d28118aa97c5ff00b62e5671ef4e0c8bfea38780a27c","Dave & Central Cee - Sprinter [Official Music Video]",""
"348","Cantaloop (Flip Fantasia)","Us3,Rahsaan,Gerard Presencer","1993.0","https://www.youtube.com/watch?v=JwBjhBL9G6U","3a8304f2954dacf08ff654327efe0bda4791f938d0c467035b8d38be85c40531","Us3 - Cantaloop (Flip Fantasia) ft. Rahsaan, Gerard Presencer",""
"349","Can I Kick It?","A Tribe Called Quest","1990.0","https://www.youtube.com/watch?v=7D_JwgIM-y4","8e61b867987ae70042d30e09095a516a94bbde0cb8aabfe82de91748977ccdb9","A Tribe Called Quest - Can I Kick It?",""
"350","Weck mich auf","Samy Deluxe","2001.0","https://www.youtube.com/watch?v=I-GUVYbSxgI","085fcb9f657760a75c19948a7ce4a7f7c0e989f7f7fb40364190d5515bef58d7","Samy Deluxe - Weck mich auf (Official Video)",""
"351","Airwaves","Pashanim","2020.0","https://www.youtube.com/watch?v=i5wsXLmWhCM","b5db9a2093b1e1084d98112df5772a9522c609bfbbbae6c4f6c505890f755e39","Airwaves",""
"352","Promiscuous","Nelly Furtado,Timbaland","2006.0","https://www.youtube.com/watch?v=0J3vgcE5i2o","058d14d23b1bcb2ff0c49be6420faa9ec6da98a3663524c400f6bea3be933f1a","Nelly Furtado - Promiscuous ft. Timbaland",""
"353","INDUSTRY BABY (feat. Jack Harlow)","Lil Nas X,Jack Harlow","2021.0","https://www.youtube.com/watch?v=UTHLKHL_whs","b73c621e49c6fe0b6b9b282c971ca37369fd878b439fb63bf8c03f8e010f9fd7","Lil Nas X, Jack Harlow - INDUSTRY BABY (Official Video)",""
"354","Rockit","Herbie Hancock","1983.0","https://www.youtube.com/watch?v=GHhD4PD75zY","ffb57868900e2b95dd60ac0de185f3ee7f8ec2c2ab6d29ac9ba77ed37286948f","Herbie Hancock - Rockit",""
"355","Cherry Lady","Capital Bra","2019.0","https://www.youtube.com/watch?v=V9Y-BM-I_x0","bc445f5a68f6a3682d288a5253d3abb424f601b4f2e51cb29fe75e52af0c232a","CAPITAL BRA - CHERRY LADY (prod. by Jumpa)",""
"356","Break Ya Neck","Busta Rhymes","2001.0","https://www.youtube.com/watch?v=W7FfCJb8JZQ","b89882d80a29e97292c3ecc86506061e501677315e85440f4382144f39858fef","Busta Rhymes - Break Ya Neck",""
"357","Black Beatles","Rae Sremmurd,Gucci Mane","2016.0","https://www.youtube.com/watch?v=b8m9zhNAgKs","0a9eca97cf9b0095c1484be4b856402ddf5fe416623f8d62ce397e0eed838d78","Rae Sremmurd - Black Beatles ft. Gucci Mane",""
"358","Regulate","Warren G,Nate Dogg","1994.0","https://www.youtube.com/watch?v=1plPyJdXKIY","711e5749d2bfde02ace27ea599f55dd2c0eb29c36826638688691a7856270c39","Warren G - Regulate ft. Nate Dogg",""
"359","X","Xzibit","2000.0","https://www.youtube.com/watch?v=qJxk1leG1wY","b709c869793e602de66debde49fbed0e67ddc7b94f5598e54805287f088b6857","Xzibit - X",""
"360","Not Like Us","Kendrick Lamar","2024.0","https://www.youtube.com/watch?v=H58vbez_m4E","38e2ef4b59e4ba85b513c8c71501387095bf7be14f75a6c98b6b404ecaa0dfe9","Kendrick Lamar - Not Like Us",""
"361","Für immer jung","Bushido,Karel Gott","2008.0","https://www.youtube.com/watch?v=kxRRRkXNRcY","65109af115798ec5db8566a57ca541f92fe4dde03f07510bca2dc47650dbd82e","Bushido feat. Karel Gott - Für immer jung",""
"362","Changes","2Pac,Talent","1998.0","https://www.youtube.com/watch?v=eXvBjCO19QY","fc62ea89f20456012a5961d0c6407ba09083612ba1033161da6f48b2ff0b00aa","2Pac - Changes",""
"363","I Need Love","LL COOL J","1987.0","https://www.youtube.com/watch?v=NEUX-HYRtUA","1de9f16af999635f4493a369d05fbbe59270a727054fcfd09ae70d43f91a61cd","LL COOL J - I Need Love",""
"364","Feel so Good","Mase","1997.0","https://www.youtube.com/watch?v=rIvEiTrq9kk","c6e42f9c7bd1bc22931de33519a905e166a6b7922870c68b36b58b44af1f03b1","Mase - Feel So Good (Official Music Video) [HD]",""
"365","Let Me Blow Ya Mind","Eve,Gwen Stefani","2001.0","https://www.youtube.com/watch?v=Wt88GMJmVk0","e4026af5fbf445f7327c6e05e07ac1eca26ae558734479a2f7dd85cd84c502e1","Eve - Let Me Blow Ya Mind ft. Gwen Stefani",""
"366","California Love - Original Version","2Pac,Roger,Dr. Dre","1995.0","https://www.youtube.com/watch?v=5wBTdfAkqGU","0fe9dcd5593fa88777debc92331fe77ace2d534fa674d0ac94038e2b279c4b01","2Pac - California Love feat. Dr. Dre",""
"367","Prison Break Anthem (Ich glaub an Dich) - Single Version","AZAD,Adel Tawil","2007.0","https://www.youtube.com/watch?v=kylN_bgBcm4","f3ee9dbcd57e26c3909df79b81c0961f68c00e8c164aac1ebe668303513413db","Prison Break Anthem (Ich Glaub An Dich)",""
"368","Day 'N' Nite (Nightmare)","Kid Cudi","2008.0","https://www.youtube.com/watch?v=VrDfSZ_6f4U","8c1c30659de07f3282d999337adb03384e4c96f1f8e7f50840778b62368d4109","Kid Cudi - Day 'N' Nite",""
"369","Buffalo Gals","Malcolm McLaren,The World's Famous Supreme Team","1982.0","https://www.youtube.com/watch?v=HCBN7lyLT4w","650425b38560cf39c7db8e7c7272f95d055eec6465f6339173e5c45a7ddb734b","Malcolm McLaren - Buffalo Gals",""
"370","Gravel Pit (feat. RZA, Method Man, Ghostface Killah, Raekwon & U-God)","Wu-Tang Clan,RZA,Method Man,Ghostface Killah,Raekwon,U-God","2000.0","https://www.youtube.com/watch?v=Of-lpfsBR8U","e764cc5f0625486a627115077f9aa98c6bc2f9e862b66ff62bab1381329a9720","Wu-Tang Clan - Gravel Pit",""
"371","White Lines (Don't Do It)","Grandmaster Flash,Grandmaster Melle Mel","1983.0","https://www.youtube.com/watch?v=DwRXI-y6M9o","3858826c3c01d1d5b4e19fa3f17d8709453620ce5bd9384f793e761d53396756","Grandmaster Flash & Melle Mel - White Lines (Don't Don't Do It)",""
"372","What's Luv? (feat. Ja-Rule & Ashanti)","Fat Joe,Ja Rule,Ashanti","2002.0","https://www.youtube.com/watch?v=VpvyG2NrS1Y","d56f713071264b09cc2164594538859abed2b7f315d8012dc0df6644ef2d3c36","Fat Joe - What's Luv? ft. Ashanti, Ja Rule",""
"373","Country Grammar (Hot Shit)","Nelly","2000.0","https://www.youtube.com/watch?v=Y5qKNlcUwKs","955091afb4064cc2fa424cdd8222f8f5d1da8ba041871f44931c5627df90ba94","Nelly - Country Grammar (Hot Shit)",""
"374","Monsta","Culcha Candela","2009.0","https://www.youtube.com/watch?v=VNWO5N8Vxsc","a622a3945b39c34383c065c5d6a6dd6d77c3ff0c4ee7db0899188ad67036c297","Culcha Candela - Monsta",""
"375","Walk This Way (feat. Aerosmith) - 7  Single Version","Run–D.M.C.,Aerosmith","1986.0","https://www.youtube.com/watch?v=4B_UYYPb-Gk","cc3d8d3715b1e1617d968bc18bdb9f817d9857b915f163bd9ba7ac9e087745d6","Run DMC - Walk This Way ft. Aerosmith",""
"376","Hip Hop Hooray","Naughty By Nature","1993.0","https://www.youtube.com/watch?v=Rz1Xn1vzOM4","26ec1b5dc3054066d4eb61b72c8d21be2edd83b29036e221a03caedfb8368243","Naughty By Nature - Hip Hop Hooray",""
"377","Old Town Road (feat. Billy Ray Cyrus) - Remix","Lil Nas X,Billy Ray Cyrus","2019.0","https://www.youtube.com/watch?v=r7qovpFAGrQ","c82948f953e73b0ccd388c4945eedb734b5e7bdfce5619eafc695c4b5ee13be1","Lil Nas X - Old Town Road ft. Billy Ray Cyrus",""
"378","First Class","Jack Harlow","2022.0","https://www.youtube.com/watch?v=HmP_wGYw1_g","c2fbd2de2cf2a43ade383fb1dbea8e15adf5a5f0ef64e92166c635833e663de6","Jack Harlow - First Class",""
"379","My Humps","Black Eyed Peas","2005.0","https://www.youtube.com/watch?v=iEe_eraFWWs","775406f781c7f72b9462c8ab5a14f92013933254b57d8ed40f920c1365d81f13","Black Eyed Peas - My Humps",""
"380","See You Again (feat. Kali Uchis)","Tyler, The Creator,Kali Uchis","2017.0","https://www.youtube.com/watch?v=TGgcC5xg9YI","0f7d426d3169a004f31173401375c359eab2d8146beb25d1ad82046ccea9a8e0","Tyler, The Creator - See You Again ft. Kali Uchis",""
"381","Wolke 7 - Single Version","Max Herre,Philipp Poisel","2012.0","https://www.youtube.com/watch?v=7VCbxcyKTT0","796d51b0e169053f03ad74db129e0fd226db0a3fd97817cec2eec3e95b7f4aa9","Max Herre - Wolke 7 feat. Philipp Poisel",""
"382","Now That We Found Love","Heavy D & The Boyz,Aaron Hall","1991.0","https://www.youtube.com/watch?v=NNEgUPKxk7A","d243905996e993842d3f2eda48960ef768128471568ad761a4cd1ee553fca3bb","Heavy D & The Boyz - Now That We Found Love",""
"383","No Diggity","Blackstreet,Dr. Dre,Queen Pen","1996.0","https://www.youtube.com/watch?v=3KL9mRus19o","ddb3c99a9422e4f2620333d1dc57ebb3306199f242d56708e602c9638850139b","Blackstreet - No Diggity ft. Dr. Dre, Queen Pen",""
"384","IMMER (MIT MAKKO)","Ski Aggu,makko","2023.0","https://www.youtube.com/watch?v=1gNE2fIxkkA","cbcf8265ebdca42b23c70015608b0a15b5373ef18930a2052ee0ce676560052c","Ski Aggu x makko - IMMER",""
"385","Paid In Full","Eric B. & Rakim,Marley Marl","1987.0","https://www.youtube.com/watch?v=E7t8eoA_1jQ","ebe5e0426801f9148b5c07a687e91eddbf7432bb0a923d32f61b57ccbd2093c3","Eric B. & Rakim - Paid In Full",""
"386","Talkin' All That Jazz","Stetsasonic","1988.0","https://www.youtube.com/watch?v=2kdQ4soLcac","d929ccff738e772413b2d4d3df84f772d916c9f892ee57422cbd1b5febeb865f","Stetsasonic - Talkin' All That Jazz",""
"387","P.I.M.P.","50 Cent","2003.0","https://www.youtube.com/watch?v=UDApZhXTpH8","65e051ac596d31e3f5a44b4c5f541f36400fd9c36d9b0ca054bf6783a888aa0c","50 Cent - P.I.M.P.",""
"388","03' Bonnie & Clyde","JAŸ-Z,Beyoncé","2002.0","https://www.youtube.com/watch?v=1EXUbN-13Vg","29a8620cfa3b541e1cebb7db8a8c7bafa5b1e1a6d063b3cb6e397753fe4e9f16","JAY-Z - '03 Bonnie & Clyde ft. Beyoncé (Official Music Video)",""
"389","A-N-N-A","Freundeskreis,Max Herre,Don Philippe,DJ Friction","1997.0","https://www.youtube.com/watch?v=qtVa-BwoZsU","331f1bcd1e78f8ab85086cd7e85d6ce8d224a929f356b8652df0d003b44092a3","Freundeskreis - A-N-N-A",""
"390","Chabos wissen wer der Babo ist","Haftbefehl","2012.0","https://www.youtube.com/watch?v=wLC0D41eVgo","a3ac40cb12cbfb692c6a1747f2139fdcd54092b85628a03a9153006531f5fd9b","Haftbefehl - Chabos wissen wer der Babo ist",""
"391","Trap Queen","Fetty Wap","2014.0","https://www.youtube.com/watch?v=i_kF4zLNKio","61330a817b0cd22b971bfc9c0be7582ac6e1ea64e3a2f8173d38e828bdf76dd7","Fetty Wap - Trap Queen",""
"392","Jam On It","Newcleus","1984.0","https://www.youtube.com/watch?v=uAEw_sX7CFA","952f88a05af1e3fbe624196ec4e3e0c9b0b10e7f5e704b729db6043d2d04dcc7","Newcleus - Jam On It",""
"393","Beautiful Girl","Luciano","2022.0","https://www.youtube.com/watch?v=BWUR1e6fMtw","ecb0354014f7f9f37ea4955382cd7ac8328f8004c607c1e47920f9b06b678088","Luciano - Beautiful Girl",""
"394","Kein Wort","Juju,Loredana,Miksu / Macloud","2020.0","https://www.youtube.com/watch?v=fm_hC0bjJ5M","15b6905ee9cf84de8141e09cd13654c14620d8e186aecf98b6abee03ed37ea05","Juju & Loredana - Kein Wort",""
"395","Easy","CRO","2011.0","https://www.youtube.com/watch?v=4wOoLLDXbDY","c1f945f510313dc8c6bee72688db8411d246ebe94cdf2bf1fb1103cb1651fd1d","CRO - Easy",""
"396","King Kunta","Kendrick Lamar","2015.0","https://www.youtube.com/watch?v=hRK7PVJFbS8","0e0aff30d443f23d610186b99dcef4aeb0f0bd24e71bbfb5def246600e142630","Kendrick Lamar - King Kunta",""
"397","I Got 5 On It","Luniz","1995.0","https://www.youtube.com/watch?v=HSC9cgvtkRs","fc5247c4ce626ac279f0d15d5db4fcb325d6974091e4f14d03ed70d26671fbb0","Luniz - I Got 5 On It",""
"398","My Band","D12","2004.0","https://www.youtube.com/watch?v=ttWQK5VXskA","372d7c61a5d7b409a1fd0cda093338ef72e7db8311227d1b6f6daee96d62c7b7","D12 - My Band",""
"399","I'm On One","DJ Khaled,Drake,Rick Ross,Lil Wayne","2011.0","https://www.youtube.com/watch?v=Z09lYqdxqzo","8f4e9822afe90004011458ff33a47a69383fdc9766d2b2893f6d87ecc569d9bf","DJ Khaled - I'm On One ft. Drake, Rick Ross, Lil Wayne",""
"400","Smack That","Akon,Eminem","2006.0","https://www.youtube.com/watch?v=bKDdT_nyP54","d6955d9b5b1f5da2bcac03cce70da153d4d4dad5cdc79d9f75541f3f3696d2b0","Akon - Smack That ft. Eminem",""
"401","God's Plan","Drake","2018.0","https://www.youtube.com/watch?v=xpVfcZ0ZcFM","24a4c58390b1fe610e5544146a2cc037fa9d8e3699396a50226314ac04282f9c","Drake - God's Plan",""
"402","Ring Ring Ring (Ha Ha Hey)","De La Soul","1991.0","https://www.youtube.com/watch?v=hm6Kkje7bBM","b3f632fcf515038ec08fe0f7619557d044fc556bdcd9aca36fc2acb48efdfebb","De La Soul - Ring Ring Ring (Ha Ha Hey)",""
"403","Leider geil (Leider geil)","Deichkind","2012.0","https://www.youtube.com/watch?v=ZPJlyRv_IGI","7c73d470d602573f32471857a72f5b4f037d702bfecf67ccb6f0d876f1a27a03","Deichkind - Leider Geil",""
"404","Give It To Me","Timbaland,Justin Timberlake,Nelly Furtado","2007.0","https://www.youtube.com/watch?v=RgoiSJ23cSc","1238f9a3e51e09a24f408c8e20d37c95d79795f990b361cd89a626a5134b1f95","Timbaland - Give It To Me ft. Nelly Furtado, Justin Timberlake",""
"405","Express Yourself - Remix","N.W.A.","1987.0","https://www.youtube.com/watch?v=u31FO_4d9TY","3c6b31dac73c45d125f4a03e2e0e98b48d86cd5950e98ede4199af91cbd4e652","N.W.A. - Express Yourself",""
"406","Put Your Hands Where My Eyes Could See (feat. Jamal)","Busta Rhymes,Jamal","1997.0","https://www.youtube.com/watch?v=GSoQDaXh144","0a3a2a00946d88ed0ce86c28629d7ca05c03eb51fbbd5fae11a30ceca08e92d5","Busta Rhymes - Put Your Hands Where My Eyes Could See",""
"407","Liebes Lied","Beginner","1998.0","https://www.youtube.com/watch?v=k8gNzJcpHW0","74e65f359e486cd16db691cf6f09aa8aee490907042b5ee64ea0608529e36350","Beginner - Liebes Lied",""
"408","Trick Me","Kelis","2004.0","https://www.youtube.com/watch?v=zI339U6GS9s","0fc3f16b1fc8a1d3dbe9d0faf449ebe5dc92714d7c35d6e354c2aed4dcecf3bb","Kelis - Trick Me",""
"409","Turn Down for What","DJ Snake,Lil Jon","2013.0","https://www.youtube.com/watch?v=HMUDVMiITOU","f5f1172df4d9c13d890436fbdbaf730c4e30e371cbc2f5687e1f95cbc10d2fb5","DJ Snake, Lil Jon - Turn Down for What",""
"410","No Sleep Till Brooklyn","Beastie Boys","1986.0","https://www.youtube.com/watch?v=07Y0cy-nvAg","d559758d679ab72af987b3fc152070ad607a0c995205b4ecf3eb27f04de461d6","Beastie Boys - No Sleep Till Brooklyn",""
"411","Endboss","Marteria","2014.0","https://www.youtube.com/watch?v=AWcFHEdhYys","8d17428fed64e0ccf1645aec877d24552025106628d9304a70684d6592d8ec0e","Marteria - Endboss",""
"412","Ohne Dich","KASIMIR1441,badmómzjay,WILDBWOYS","2021.0","https://www.youtube.com/watch?v=Dc5KpOqkgTI","edeed7fc49dfdfe51b7f4c4d36d9c0d3b6f22e7f0d46c247d879f78bdd45b055","KASIMIR1441 x badmómzjay x WILDBWOYS - Ohne Dich",""
"413","Ms. Jackson","Outkast","2000.0","https://www.youtube.com/watch?v=MYxAiK6VnXw","3f2410b362ff2ca00e3eed7de48be48502ed6658fc22cfd15aedfe7c28dfca0a","Outkast - Ms. Jackson",""
"414","Ohne mein Team","Bonez MC,RAF Camora,Maxwell","2016.0","https://www.youtube.com/watch?v=82NBsCOQoi4","96ec06eb89edf237869f373eefc7e7bbb234a4f35db0de10ee16a9b0e0233eee","Bonez MC & RAF Camora - Ohne mein Team",""
"415","Tamam Tamam","Summer Cem","2018.0","https://www.youtube.com/watch?v=Zew40nd02jc","02f17af3b41b78395fc91002e9e8a42eacf09a133281d879f67e4b770bf8b209","Summer Cem - Tamam Tamam",""
"416","Sommergewitter","Pashanim","2020.0","https://www.youtube.com/watch?v=YOWEsoigyPg","f14dfe75556aaccfe40dee18c492a84d4a6bbe0041e47a63ee4438a3825830b6","Pashanim - Sommergewitter",""
"417","See You Again (feat. Charlie Puth)","Wiz Khalifa,Charlie Puth","2015.0","https://www.youtube.com/watch?v=RgKAFK5djSk","9e9ac0876b546d0f38e1a9a561e8b6fdd4b7399aad9e61e1ae4eebd282d2e534","Wiz Khalifa - See You Again ft. Charlie Puth",""
"418","Black and Yellow","Wiz Khalifa","2010.0","https://www.youtube.com/watch?v=UePtoxDhJSw","e3cd9604f34022dd42ad83b5823010f0befe239df709f62d8146bf19492bb2ab","Wiz Khalifa - Black And Yellow",""
"419","Nuthin' But A  G  Thang","Dr. Dre,Snoop Dogg","1992.0","https://www.youtube.com/watch?v=Ne_hVxwEGCg","04e851d6ef9ada955f710d71d40ec8edbea1e1f128d4acdf25e81893dea53d0c","Dr. Dre - Nuthin' But A G Thang",""
"420","Powerade","BHZ,SIRA,Ion Miles","2023.0","https://www.youtube.com/watch?v=Yh4Sgkak1Yg","b0b14915df3910a3218a836a09fc8c999d7da4b9227b5ba617197974707150ac","BHZ x SIRA x Ion Miles - Powerade",""
"421","Baby Got Back","Sir Mix-A-Lot","1992.0","https://www.youtube.com/watch?v=X53ZSxkQ3Ho","60e7ba366a03a2514fd2af54fcb3ed0a769421403dc3145d5106ebb5a497e8c7","Sir Mix-A-Lot - Baby Got Back",""
"422","Who Am I (What’s My Name)?","Snoop Dogg","1993.0","https://www.youtube.com/watch?v=2soGJXQAQec","371883a5eddb197d514563ad84fd2191a4242f62ac4b08f1250cda50348b0620","Snoop Dogg - Who Am I? (What's My Name?)",""
"423","Nachts wach","Miksu / Macloud,makko","2021.0","https://www.youtube.com/watch?v=hqznO-babNE","5d42dc079fa40e19bc1bd0b5edcae3c9bd9c157fdf40e7d58516bdeb4b7eea42","Miksu / Macloud x makko - Nachts wach",""
"424","Erfolg ist kein Glück","Kontra K","2015.0","https://www.youtube.com/watch?v=Acgy-3d4P6o","bbf3dd122bf17ff453779a47e71a7cff1534aebf25a8f225311213b82df21d27","Kontra K - Erfolg ist kein Glück",""
"425","Reimemonster (feat. Ferris MC)","Afrob,Ferris MC","1999.0","https://www.youtube.com/watch?v=v-Jxe_cEx_w","631560d06d56f7ad01f6e5cbc232e3673aa91a166396aadb58084a0b653e284c","Afrob feat. Ferris MC - Reimemonster",""
"426","Ready or Not","Fugees,Ms. Lauryn Hill,Wyclef Jean,Pras","1996.0","https://www.youtube.com/watch?v=aIXyKmElvv8","805f23461063f7835b6eb3521f51104d3c414f60454f2d897a199c96b339c6da","Fugees - Ready Or Not",""
"427","Bamba (feat. Aitch & BIA)","Luciano,Aitch,BIA","2022.0","https://www.youtube.com/watch?v=oglRrpIsVaE","b268b541c9ba2b86309a5cbc475059b946a5edca8fb180ca971c4397af019622","Luciano x Aitch x BIA - Bamba",""
"428","So wie du bist","MoTrip,Lary","2015.0","https://www.youtube.com/watch?v=WNKIbGMq5jM","0206fc549bd80e61793eace466df01a3726ef4e5ea0a5b7d7cbdfa2e696c5ca4","MoTrip - So wie du bist ft. Lary",""
"429","So'ne Musik","Deichkind","2012.0","https://www.youtube.com/watch?v=mdIP3hyxi3k","0c494f5939bb93680b443e8e4a872a8a4870b92824fa943d8be688534e5ee775","Deichkind - So'ne Musik",""
"430","Perfect Gentleman (feat. Hope)","Wyclef Jean,Hope","2001.0","https://www.youtube.com/watch?v=uDwraXBUHgs","f95f09faee96e690f3ad973511ef0838d582fc9b0fa6a412583f5c7ce212e732","Wyclef Jean - Perfect Gentleman",""
"431","Bring The Noise","Public Enemy","1987.0","https://www.youtube.com/watch?v=mmo3HFa2vjg","ba551cde8b5b56b46ee551ebd2c4634aa1ac7be66e23e838b033f48b7eb453c8","Public Enemy - Bring The Noise",""
"432","King of Rock","Run–D.M.C.","1985.0","https://www.youtube.com/watch?v=qXzWlPL_TKw","64de84da264247d9300379c3999b0acc89f6d45b11878f994072468aad764b3e","Run-D.M.C. - King Of Rock",""
"433","Emotions 2.0","Ufo361,CÉLINE","2023.0","https://www.youtube.com/watch?v=ivhl39Z_hho","6da9bbf61e69ad38e0d222379f937141d4e8e713d3607d58dfab4b86f9d5b6f4","Ufo361 - Emotions 2.0",""
"434","Boom! Shake the Room","DJ Jazzy Jeff & The Fresh Prince","1993.0","https://www.youtube.com/watch?v=4AVWZwZq_QU","e6f21707ec54ac7710d1aa6ce5e4f77770fc40b526df3e89cf94d948215959e4","DJ Jazzy Jeff & The Fresh Prince - Boom! Shake The Room",""
"435","Hobby Hobby","MERO","2018.0","https://www.youtube.com/watch?v=bTokyVe8E3E","bb24a1310b3a2806553f1b9b4dfdd688af458d4ad28d0c8e4434e58808af00e9","MERO - Hobby Hobby",""
"436","(Hey You) The Rock Steady Crew","Rock Steady Crew","1984.0","https://www.youtube.com/watch?v=--7afsHgRww","30f64a844c20220ad5d9d979d44b63d8912b393fd80b6dd7e594eca4789603ef","Rock Steady Crew - (Hey You) The Rock Steady Crew",""
"437","Anaconda","Nicki Minaj","2014.0","https://www.youtube.com/watch?v=LDZX4ooRsWs","e1a4416b1a20c49a13a3c03e4f0a0c731ff41c7d35af8fdea29105454ce5d8da","Nicki Minaj - Anaconda",""
"438","Kimnotyze","DJ Tomekk,Lil' Kim,Trooper Da Don","2002.0","https://www.youtube.com/watch?v=JYSVCVrId10","8295c6c75c8bf9efe6c50b5f77991c2c92ecd6d35436a8c4e02df69197f517eb","DJ Tomekk - Kimnotyze ft. Lil Kim",""
"439","The Real Slim Shady","Eminem","2000.0","https://www.youtube.com/watch?v=eJO5HU_7_1w","75420aa1b33a0569b03043227f57d1fd08ed94639a250c5946002db270cdc774","Eminem - The Real Slim Shady",""
"440","Mit Dir","Freundeskreis,Joy Denalane,Max Herre,Don Philippe,DJ Friction","1999.0","https://www.youtube.com/watch?v=lAadPcBYc74","5f322d634621f6f8a278eb40e436fef0c93e765ab7ea6875a9982427af02dd1e","Freundeskreis - Mit Dir",""
"441","Schwarz zu blau","Peter Fox","2008.0","https://www.youtube.com/watch?v=yphwzD1XaBY","4f2a0790c913017f6f787c857111d2c0fa2056a5a44536110fa67630e824852b","Peter Fox - Schwarz zu blau",""
"442","If I Ruled the World (Imagine That) (feat. Lauryn Hill)","Nas,Ms. Lauryn Hill","1996.0","https://www.youtube.com/watch?v=mlp-IIG9ApU","d88fab0e734487bf3c020d7b3da020fd7df3cca9f5a20eec6cb5f200fbc01d38","Nas - If I Ruled The World ft. Lauryn Hill",""
"443","Whoomp! There It Is - Radio Edit","Tag Team","1993.0","https://www.youtube.com/watch?v=ffCEr327W44","6efc9ca94ccd2e041c863047d79ac1a0d2d9e8ee3cfd2c2dafe8eea75d9206a9","Tag Team - Whoomp! There It Is",""
"444","Fancy","Iggy Azalea,Charli xcx","2014.0","https://www.youtube.com/watch?v=O-zpOMYRi0w","dffa10944a72ccb525005ec8030c0012e7a3a7b665576f8bd11cfa9353cef0dd","Iggy Azalea - Fancy ft. Charli XCX",""
"445","So perfekt","Casper,Marteria","2012.0","https://www.youtube.com/watch?v=xeMLX5gvscg","5338bbe4ff554d238e1d0d272186e1d281b535163a2af631916abce25b1b305e","Casper feat. Marteria - So Perfekt",""
"446","Troy","Die Fantastischen Vier","2004.0","https://www.youtube.com/watch?v=TkvuDOB9XD4","985ce8901ffc8f7a516d99fefc880dad9eb55b5ec467c1735b0741ea3c77ee89","Die Fantastischen Vier - Troy (Offizielles Musikvideo)",""
"447","Intergalactic - Remastered 2009","Beastie Boys","1998.0","https://www.youtube.com/watch?v=qORYO0atB6g","27121bf29c3e19ce13139b26accba130621b9095bd7cf0bf85f5d90526453a4d","Beastie Boys - Intergalactic",""
"448","Apache (Jump on It)","The Sugarhill Gang","1981.0","https://www.youtube.com/watch?v=YKhi9ITkRgA","3b0226f5abd630a901e5e8f5645a80a2b7d533b1f7265e06855ba34e886473e2","The Sugarhill Gang - Apache",""
"449","Lucid Dreams","Juice WRLD","2018.0","https://www.youtube.com/watch?v=mzB1VGEGcSU","5f80d13477d47bedb67705c7e171dbae3ecc8ea128bb6716a34f2446986d7974","Juice WRLD - Lucid Dreams",""
"450","Whatta Man","Salt-N-Pepa,En Vogue","1993.0","https://www.youtube.com/watch?v=5vgV_dVkXN4","65df5b5d19c20d38cc9eaf6bd2a69d9d8f83ffe20ccd9df984c73b74b8ea18ac","Salt-N-Pepa - Whatta Man",""
"451","Empire State Of Mind","JAŸ-Z,Alicia Keys","2009.0","https://www.youtube.com/watch?v=vk6014HuxcE","8678266bd754c54954d08617b3ada93626f7dd012f04c2aa05a9810550f38907","JAY-Z - Empire State Of Mind ft. Alicia Keys",""
"452","Rapper's Delight","The Sugarhill Gang","1979.0","https://www.youtube.com/watch?v=rKTUAESacQM","f64abb372526c3ffef85810854305464e0ea2678654ebf06a004ddcb02290a7a","The Sugarhill Gang - Rapper's Delight",""
"453","Truth Hurts","Lizzo","2019.0","https://www.youtube.com/watch?v=P00HMxdsVZI","1abaf734da89f4a318f0bd5bffa75c00c1977a783639d085687fe67c1b887b42","Lizzo - Truth Hurts",""
"454","The Breaks","Kurtis Blow","1980.0","https://www.youtube.com/watch?v=zyjK1CpM8JQ","ccd82aeac48b940bb09f6d23ec7b3a330b4a747a0b34186b13bef3e4f60845ae","Kurtis Blow - The Breaks",""
"455","Planet Rock","Afrika Bambaataa,The Soulsonic Force","1982.0","https://www.youtube.com/watch?v=9J3lwZjHenA","82e00a6e7565f26098138dc6c913fda64ce897acb99a76ce12132a1cc7ffafe3","Afrika Bambaataa & The Soulsonic Force - Planet Rock",""
"456","AKON","Jazeek","2024.0","https://www.youtube.com/watch?v=eZlFOSbgDlo","d6fbd0fd19bf4c121d53c00ee89f2d22f8509dfbe0e1f587dff360dcce218697","Jazeek - AKON",""
"457","All 4 One","Kool Savas,AZAD","2005.0","https://www.youtube.com/watch?v=g9-zUnmmYHw","f343ce43657c66b4140cff9d17827c57c7e329b86f8eaee34435f5a72321c2e4","Kool Savas & Azad - All 4 One",""
"458","Waterfalls","TLC","1994.0","https://www.youtube.com/watch?v=8WEtxJ4-sh4","08b12348b8c3cf2c5df84ca124b257b56bed54124f9d23d9602e36a0fdef70e1","TLC - Waterfalls",""
"459","Thrift Shop (feat. Wanz)","Macklemore & Ryan Lewis,Macklemore,Ryan Lewis,Wanz","2012.0","https://www.youtube.com/watch?v=QK8mJJJvaes","9aa9286db1f2f834887d13ff2353b318e0be7daa1326ac1ef12d2c2cf05ea13d","Macklemore & Ryan Lewis - Thrift Shop",""
"460","Affalterbach","Shindy,Shirin David","2019.0","https://www.youtube.com/watch?v=XINBvGAaowI","f20f0f99837ddb8b56b8f92c74810f8ca831471886c006eed6638dff7cc2837f","Shindy - Affalterbach ft. Shirin David",""
"461","bauch beine po","Shirin David","2024.0","https://www.youtube.com/watch?v=U5R9dA9EeB8","35d24e6f5f87106320eedc4814fd27ef164f8c3e2102ef20d93b5b38d1ad30d2","Shirin David - bauch beine po",""
"462","Me Myself and I","De La Soul","1989.0","https://www.youtube.com/watch?v=zR9AlcgL6_0","26bb576394b59c4441534afa131dfe46a5b488f2a3e90f36973207d1dd59b3aa","De La Soul - Me Myself and I",""
"463","Anxiety","Doechii","2024.0","https://www.youtube.com/watch?v=riCP9x31Kuk","eaedf7dd6e19cca9782c8f81aaca852fe52ef7da8fc3b29e6dbcbf17b480236f","Doechii - Anxiety",""
"464","Funky Cold Medina","Tone-Loc","1989.0","https://www.youtube.com/watch?v=63ZIf2H9S0E","65908bcbe7ea85315253659708efa1835d3e1a2c528ac783c3051e45af1eed92","Tone Loc - Funky Cold Medina",""
"465","Jump","Kris Kross","1992.0","https://www.youtube.com/watch?v=010KyIQjkTk","4ecf8069203aa2e9162ddb601b9f6b101e991a58938040a56f4980bfc0009f49","Kris Kross - Jump",""
"466","Kids (2 Finger an den Kopf)","Marteria","2010.0","https://www.youtube.com/watch?v=fkMg_X9lHMc","87c7f4cbbbae0d724728de63618d5ecee5c9558f4a1f0a321fc685a5aa4b5157","Marteria - Kids (2 Finger an den Kopf)",""
"467","Jein","Fettes Brot","1996.0","https://www.youtube.com/watch?v=tcV7VN3l3bY","7966d19c51a44282b294db06a5f223537383be3842e7564a30a336d9e5284c50","Fettes Brot - Jein",""
"468","Tha Crossroads","Bone Thugs-N-Harmony","1996.0","https://www.youtube.com/watch?v=VMYAEHE2GrM","9c4c47e06bd31d4f7edc08ed639673753f2057d9d5c3a2619bcda84beb0f1269","Bone Thugs-N-Harmony - Tha Crossroads",""
"469","It Takes Two","Rob Base & DJ EZ Rock","1988.0","https://www.youtube.com/watch?v=phOW-CZJWT0","d5a8a8387fd77582c7900c1923cbbf902fe74e3feb705737c8c8317028506159","Rob Base & DJ EZ Rock - It Takes Two",""
"470","The Message - 7  Version","Grandmaster Flash,The Furious Five","1982.0","https://www.youtube.com/watch?v=PobrSpMwKk4","925e0ef7bb67d24d482cfee3189e2cdcc043c0a814dbc730e867aea5159c75cc","Grandmaster Flash & The Furious Five - The Message",""
"471","Doo Wop (That Thing)","Ms. Lauryn Hill","1998.0","https://www.youtube.com/watch?v=T6QKqFPRZSA","8be8ed6acb87bbf4665343f27ab89e588ed8f6e65faf8c543d57a27850ffdbed","Lauryn Hill - Doo Wop (That Thing)",""
"472","Höha, schnella, weita - Länga","Rödelheim Hartreim Projekt,Moses Pelham","1994.0","https://www.youtube.com/watch?v=80vFBNAbEgk","bcc09e5619c46ece7e51ca61108a63789e1e532d00ef840dc8e56ebb96a75cc3","Rödelheim Hartreim Projekt - Höha, schnella, weita",""
"473","Traum","CRO","2009.0","https://www.youtube.com/watch?v=8WQMBv2deYQ","580e51d1438ede422123ffab892e6632a4552d0eac97d3d3d4c604ba2522edb5","CRO - Traum",""
"474","Ahnma","Beginner,Gzuz,Gentleman","2016.0","https://www.youtube.com/watch?v=C6_Uk_2rkQg","e04bdea869d5756f570adb195360d81b4efb59e1996cae6fc7acd1bb4a19607e","Beginner - Ahnma feat. Gzuz & Gentleman (official Video)",""
